Airline,IOSA_1,IOSA_2,EU,Fatality,FAA,ICAO_1,ICAO_2,Rating
Adria Airways,1.0,1.0,1.0,1.0,1.0,0.0,0.0,5.0
Aegean Airlines,1.0,1.0,1.0,1.0,1.0,1.0,0.0,6.0
Aer Lingus,1.0,1.0,1.0,1.0,1.0,1.0,1.0,7.0
Aero Contractors,1.0,1.0,1.0,1.0,1.0,1.0,0.0,6.0
Aero Mongolia,0.0,0.0,1.0,1.0,1.0,1.0,1.0,5.0
Aerocaribbean,0.0,0.0,1.0,0.0,1.0,1.0,1.0,4.0
Aeroflot,1.0,1.0,1.0,1.0,1.0,1.0,1.0,7.0
Aerogaviota,0.0,0.0,1.0,1.0,1.0,1.0,1.0,5.0
Aerolineas Argentinas,1.0,1.0,1.0,1.0,1.0,1.0,1.0,7.0
Aeromar,1.0,1.0,1.0,1.0,1.0,1.0,1.0,7.0
Aeromexico,1.0,1.0,1.0,1.0,1.0,1.0,1.0,7.0
Aeronaves Dominicanas,0.0,0.0,1.0,1.0,1.0,1.0,1.0,5.0
Aeropostal,0.0,0.0,1.0,1.0,1.0,1.0,1.0,5.0
Afriqiyah,1.0,1.0,0.0,0.0,1.0,0.0,0.0,3.0
Aigle Azur,1.0,1.0,1.0,1.0,1.0,1.0,1.0,7.0
Air Algerie,1.0,1.0,1.0,0.0,1.0,0.0,0.0,4.0
Air Arabia,1.0,1.0,1.0,1.0,1.0,1.0,1.0,7.0
Air Astana,1.0,1.0,1.0,1.0,1.0,0.0,0.0,5.0
Air Austral,1.0,1.0,1.0,1.0,1.0,1.0,1.0,7.0
Air Bagan,0.0,0.0,1.0,0.0,1.0,1.0,0.0,3.0
Air Baltic,1.0,1.0,1.0,1.0,1.0,0.0,0.0,5.0
Air Berlin,1.0,1.0,1.0,1.0,1.0,1.0,1.0,7.0
Air Botswana,1.0,1.0,1.0,1.0,1.0,0.0,0.0,5.0
Air Busan,0.0,0.0,1.0,1.0,1.0,1.0,1.0,5.0
Air Cairo,1.0,1.0,1.0,1.0,1.0,0.0,0.0,5.0
Air Caledonie,1.0,1.0,1.0,1.0,1.0,1.0,1.0,7.0
Air Canada,1.0,1.0,1.0,1.0,1.0,1.0,1.0,7.0
Air Canada Express,1.0,1.0,1.0,1.0,1.0,1.0,1.0,7.0
Air Caraibes,1.0,1.0,1.0,1.0,1.0,1.0,1.0,7.0
Air China,1.0,1.0,1.0,1.0,1.0,1.0,1.0,7.0
Air Corsica,1.0,1.0,1.0,1.0,1.0,1.0,1.0,7.0
Air Do,0.0,0.0,1.0,1.0,1.0,1.0,1.0,5.0
Air Dolomiti,1.0,1.0,1.0,1.0,1.0,1.0,1.0,7.0
Air Europa,1.0,1.0,1.0,1.0,1.0,1.0,1.0,7.0
Air France,1.0,1.0,1.0,0.0,1.0,1.0,1.0,6.0
Air Greenland,0.0,0.0,1.0,1.0,1.0,1.0,1.0,5.0
Air Iceland,0.0,0.0,1.0,1.0,1.0,1.0,1.0,5.0
Air India,1.0,1.0,1.0,1.0,1.0,1.0,0.0,6.0
Air India Express,1.0,1.0,1.0,0.0,1.0,1.0,0.0,5.0
Air India Regional,1.0,1.0,1.0,1.0,1.0,1.0,0.0,6.0
Air Inuit,0.0,0.0,1.0,1.0,1.0,1.0,1.0,5.0
Air KBZ,0.0,0.0,1.0,1.0,1.0,1.0,0.0,4.0
Air Koryo,1.0,1.0,0.0,1.0,1.0,1.0,1.0,6.0
Air Macau,1.0,1.0,1.0,1.0,1.0,1.0,1.0,7.0
Air Madagascar,1.0,1.0,0.0,1.0,1.0,0.0,0.0,4.0
Air Malta,1.0,1.0,1.0,1.0,1.0,1.0,0.0,6.0
Air Mandalay,0.0,0.0,1.0,1.0,1.0,1.0,0.0,4.0
Air Mauritius,1.0,1.0,1.0,1.0,1.0,1.0,0.0,6.0
Air Mediterranee,1.0,1.0,1.0,1.0,1.0,1.0,1.0,7.0
Air Moldova,1.0,1.0,1.0,1.0,1.0,0.0,0.0,5.0
Air Namibia,1.0,1.0,1.0,1.0,1.0,0.0,0.0,5.0
Air New Zealand,1.0,1.0,1.0,1.0,1.0,1.0,1.0,7.0
Air Niugini,1.0,1.0,1.0,1.0,1.0,0.0,0.0,5.0
Air North Yukons Airline,0.0,0.0,1.0,1.0,1.0,1.0,1.0,5.0
Air Nostrum/Iberia Regional,1.0,1.0,1.0,1.0,1.0,1.0,1.0,7.0
Air Panama,0.0,0.0,1.0,1.0,1.0,1.0,1.0,5.0
Air Rarotonga,0.0,0.0,1.0,1.0,1.0,1.0,1.0,5.0
Air Serbia,1.0,1.0,1.0,1.0,1.0,1.0,0.0,6.0
Air Seychelles,1.0,1.0,1.0,1.0,1.0,0.0,0.0,5.0
Air Tahiti,1.0,1.0,1.0,1.0,1.0,1.0,1.0,7.0
Air Tahiti Nui,1.0,1.0,1.0,1.0,1.0,1.0,1.0,7.0
Air Transat,1.0,1.0,1.0,1.0,1.0,1.0,1.0,7.0
Air Vanuatu,1.0,1.0,1.0,0.0,1.0,0.0,0.0,4.0
Air Zimbabwe,1.0,1.0,0.0,1.0,0.0,1.0,0.0,4.0
AirAsia India,0.0,0.0,1.0,1.0,1.0,1.0,0.0,4.0
AirAsia Indonesia,0.0,0.0,1.0,0.0,1.0,0.0,0.0,2.0
AirAsia Malaysia,0.0,0.0,1.0,1.0,1.0,1.0,0.0,4.0
AirAsia Thailand,0.0,0.0,1.0,1.0,0.0,0.0,0.0,2.0
AirAsia X,1.0,1.0,1.0,1.0,1.0,1.0,0.0,6.0
AirAsia Zest,0.0,0.0,0.0,1.0,1.0,1.0,0.0,3.0
Airblue,0.0,0.0,1.0,0.0,1.0,1.0,1.0,4.0
Aircalin,1.0,1.0,1.0,1.0,1.0,1.0,1.0,7.0
Airlines PNG,0.0,0.0,1.0,0.0,1.0,0.0,0.0,2.0
Airlink,1.0,1.0,1.0,1.0,1.0,1.0,0.0,6.0
AirNorth,0.0,0.0,1.0,1.0,1.0,1.0,1.0,5.0
Alaska Airlines,1.0,1.0,1.0,1.0,1.0,1.0,1.0,7.0
Alitalia,1.0,1.0,1.0,1.0,1.0,1.0,1.0,7.0
All Nippon Airways (ANA),1.0,1.0,1.0,1.0,1.0,1.0,1.0,7.0
Allegiant Air,0.0,0.0,1.0,1.0,1.0,1.0,1.0,5.0
Amaszonas,0.0,0.0,1.0,1.0,1.0,1.0,0.0,4.0
American Airlines,1.0,1.0,1.0,1.0,1.0,1.0,1.0,7.0
American Eagle,1.0,1.0,1.0,1.0,1.0,1.0,1.0,7.0
ANA Wings,1.0,1.0,1.0,1.0,1.0,1.0,1.0,7.0
Andes Lineas Aereas,1.0,1.0,1.0,1.0,1.0,1.0,1.0,7.0
Ariana Afghan Airlines,0.0,0.0,0.0,1.0,1.0,0.0,0.0,2.0
Arik Air,1.0,1.0,1.0,1.0,1.0,1.0,0.0,6.0
Arkia Israel Airlines,1.0,1.0,1.0,1.0,1.0,1.0,1.0,7.0
Aserca Airlines,0.0,0.0,1.0,1.0,1.0,1.0,1.0,5.0
Asiana Airlines,1.0,1.0,1.0,0.0,1.0,1.0,1.0,6.0
ASKY Airlines,1.0,1.0,1.0,1.0,1.0,0.0,0.0,5.0
AtlasGlobal,1.0,1.0,1.0,0.0,1.0,1.0,1.0,6.0
Aurigny Air Services,0.0,0.0,1.0,1.0,1.0,1.0,1.0,5.0
Austral,1.0,1.0,1.0,1.0,1.0,1.0,1.0,7.0
Austrian Airlines,1.0,1.0,1.0,1.0,1.0,1.0,1.0,7.0
Avia Traffic Company,0.0,0.0,0.0,1.0,1.0,1.0,0.0,3.0
Avianca,1.0,1.0,1.0,1.0,1.0,1.0,1.0,7.0
Avianca Ecuador,1.0,1.0,1.0,1.0,1.0,1.0,0.0,6.0
Avior Airlines,0.0,0.0,1.0,1.0,1.0,1.0,1.0,5.0
AZAL Azerbaijan Airlines,1.0,1.0,1.0,1.0,1.0,0.0,0.0,5.0
Azul,1.0,1.0,1.0,1.0,1.0,1.0,1.0,7.0
B & H Airlines,1.0,1.0,1.0,1.0,1.0,1.0,0.0,6.0
BA CityFlyer,1.0,1.0,1.0,1.0,1.0,1.0,1.0,7.0
Bahamas Air,1.0,1.0,1.0,1.0,1.0,1.0,0.0,6.0
Bangkok Air,1.0,1.0,1.0,0.0,0.0,0.0,0.0,3.0
Batik Air,1.0,1.0,1.0,1.0,1.0,0.0,0.0,5.0
Belavia,1.0,1.0,1.0,1.0,1.0,0.0,0.0,5.0
Biman Bangladesh Airlines,1.0,1.0,1.0,1.0,0.0,0.0,0.0,4.0
Binter Canarias,1.0,1.0,1.0,1.0,1.0,1.0,1.0,7.0
blu-express,1.0,1.0,1.0,1.0,1.0,1.0,1.0,7.0
Blue Air,1.0,1.0,1.0,1.0,1.0,1.0,1.0,7.0
Blue Islands,0.0,0.0,1.0,1.0,1.0,1.0,1.0,5.0
Blue Panorama,1.0,1.0,1.0,1.0,1.0,1.0,1.0,7.0
Blue Wing,0.0,0.0,0.0,0.0,1.0,1.0,0.0,2.0
BMI Regional,1.0,1.0,1.0,1.0,1.0,1.0,1.0,7.0
British Airways,1.0,1.0,1.0,1.0,1.0,1.0,1.0,7.0
Brussels Airlines,1.0,1.0,1.0,1.0,1.0,1.0,1.0,7.0
Bulgaria Air,1.0,1.0,1.0,1.0,1.0,1.0,1.0,7.0
Camair-Co,0.0,0.0,1.0,1.0,1.0,0.0,0.0,3.0
Cambodia Angkor Air,0.0,0.0,1.0,1.0,1.0,0.0,0.0,3.0
Canadian North,0.0,0.0,1.0,1.0,1.0,1.0,1.0,5.0
Canaryfly,0.0,0.0,1.0,1.0,1.0,1.0,1.0,5.0
Cape Air,0.0,0.0,1.0,1.0,1.0,1.0,1.0,5.0
Caribbean Airlines,1.0,1.0,1.0,1.0,1.0,1.0,0.0,6.0
Carpatair,1.0,1.0,1.0,1.0,1.0,1.0,1.0,7.0
Cathay Pacific,1.0,1.0,1.0,1.0,1.0,1.0,1.0,7.0
Cayman Airways and Cayman Airways Express,1.0,1.0,1.0,1.0,1.0,1.0,1.0,7.0
Cebu Pacific,0.0,0.0,1.0,1.0,1.0,1.0,0.0,4.0
Central Mountain Air,0.0,0.0,1.0,1.0,1.0,1.0,1.0,5.0
China Airlines,1.0,1.0,1.0,1.0,1.0,1.0,1.0,7.0
China Eastern,1.0,1.0,1.0,1.0,1.0,1.0,1.0,7.0
China Southern,1.0,1.0,1.0,1.0,1.0,1.0,1.0,7.0
Citilink,0.0,0.0,1.0,1.0,1.0,0.0,0.0,3.0
CityJet,1.0,1.0,1.0,1.0,1.0,1.0,1.0,7.0
Cobham,0.0,0.0,1.0,1.0,1.0,1.0,1.0,5.0
Condor Flugdienst,1.0,1.0,1.0,1.0,1.0,1.0,1.0,7.0
Conviasa,0.0,0.0,1.0,0.0,1.0,1.0,1.0,4.0
Copa Airlines,1.0,1.0,1.0,1.0,1.0,1.0,1.0,7.0
Corendon Airlines,1.0,1.0,1.0,1.0,1.0,1.0,1.0,7.0
Corsair,1.0,1.0,1.0,1.0,1.0,1.0,1.0,7.0
Croatia Airlines,1.0,1.0,1.0,1.0,1.0,1.0,0.0,6.0
Cubana De Aviacion,1.0,1.0,1.0,1.0,1.0,1.0,1.0,7.0
Czech Airlines,1.0,1.0,1.0,1.0,1.0,1.0,1.0,7.0
Daallo Airlines,0.0,0.0,0.0,1.0,1.0,0.0,0.0,2.0
Danish Air Transport,1.0,1.0,1.0,1.0,1.0,1.0,1.0,7.0
Delta Air Lines,1.0,1.0,1.0,1.0,1.0,1.0,1.0,7.0
Donavia,1.0,1.0,1.0,1.0,1.0,1.0,1.0,7.0
Dragonair,1.0,1.0,1.0,1.0,1.0,1.0,1.0,7.0
Drukair Royal Bhutan,0.0,0.0,1.0,1.0,1.0,0.0,0.0,3.0
Eastar Jet,1.0,1.0,1.0,1.0,1.0,1.0,1.0,7.0
Eastern Airways,0.0,0.0,1.0,1.0,1.0,1.0,1.0,5.0
Easyfly,0.0,0.0,1.0,1.0,1.0,1.0,1.0,5.0
easyJet,0.0,0.0,1.0,1.0,1.0,1.0,1.0,5.0
Edelweiss,1.0,1.0,1.0,1.0,1.0,1.0,1.0,7.0
EgyptAir and EgyptAir Express,1.0,1.0,1.0,0.0,1.0,0.0,0.0,4.0
EL AL Israel Airlines,1.0,1.0,1.0,1.0,1.0,1.0,1.0,7.0
Emirates,1.0,1.0,1.0,1.0,1.0,1.0,1.0,7.0
Ethiopian Airways,1.0,1.0,1.0,0.0,1.0,1.0,0.0,5.0
Etihad Airways,1.0,1.0,1.0,1.0,1.0,1.0,1.0,7.0
Etihad Regional,1.0,1.0,1.0,1.0,1.0,1.0,1.0,7.0
EVA Air,1.0,1.0,1.0,1.0,1.0,1.0,1.0,7.0
Fastjet,0.0,0.0,1.0,1.0,1.0,0.0,0.0,3.0
Felix Airways,0.0,0.0,1.0,1.0,1.0,0.0,0.0,3.0
Fiji Airways,1.0,1.0,1.0,1.0,1.0,0.0,0.0,5.0
Finnair,1.0,1.0,1.0,1.0,1.0,1.0,1.0,7.0
Firefly,0.0,0.0,1.0,1.0,1.0,1.0,0.0,4.0
First Air,0.0,0.0,1.0,0.0,1.0,1.0,1.0,4.0
fly540,0.0,0.0,1.0,0.0,1.0,1.0,0.0,3.0
Flybe,1.0,1.0,1.0,1.0,1.0,1.0,1.0,7.0
Flybe Nordic,1.0,1.0,1.0,1.0,1.0,1.0,1.0,7.0
Flydubai,1.0,1.0,1.0,0.0,1.0,1.0,1.0,6.0
flyNas,0.0,0.0,1.0,1.0,1.0,1.0,1.0,5.0
Freebird,1.0,1.0,1.0,1.0,1.0,1.0,1.0,7.0
Frontier Airlines,1.0,1.0,1.0,1.0,1.0,1.0,1.0,7.0
Garuda Indonesia,1.0,1.0,1.0,0.0,1.0,0.0,0.0,4.0
Georgian Airways,1.0,1.0,1.0,1.0,1.0,1.0,0.0,6.0
Germania,1.0,1.0,1.0,1.0,1.0,1.0,1.0,7.0
Germanwings,1.0,1.0,1.0,1.0,1.0,1.0,1.0,7.0
Go Air,1.0,1.0,1.0,1.0,1.0,1.0,0.0,6.0
GOL,1.0,1.0,1.0,1.0,1.0,1.0,1.0,7.0
Golden Myanmar Airlines,0.0,0.0,1.0,1.0,1.0,1.0,0.0,4.0
Gulf Air,1.0,1.0,1.0,1.0,1.0,0.0,0.0,5.0
Hainan Airlines,1.0,1.0,1.0,1.0,1.0,1.0,1.0,7.0
Hawaiian Airlines,1.0,1.0,1.0,1.0,1.0,1.0,1.0,7.0
Helvetic Airways,1.0,1.0,1.0,1.0,1.0,1.0,1.0,7.0
Hong Kong Airlines,1.0,1.0,1.0,1.0,1.0,1.0,1.0,7.0
HOP,1.0,1.0,1.0,1.0,1.0,1.0,1.0,7.0
Hunnu Air,0.0,0.0,1.0,1.0,1.0,1.0,1.0,5.0
Iberia and Iberia Express,1.0,1.0,1.0,1.0,1.0,1.0,1.0,7.0
Icelandair,1.0,1.0,1.0,1.0,1.0,1.0,1.0,7.0
IndiGo,1.0,1.0,1.0,1.0,1.0,1.0,0.0,6.0
Insel Air,1.0,1.0,1.0,1.0,0.0,1.0,1.0,6.0
Interair,1.0,1.0,1.0,1.0,1.0,1.0,0.0,6.0
Intercaribbean,0.0,0.0,1.0,1.0,1.0,1.0,1.0,5.0
Interjet,1.0,1.0,1.0,1.0,1.0,1.0,1.0,7.0
InterSky,1.0,1.0,1.0,1.0,1.0,1.0,1.0,7.0
Iran Air and Iran Air Tour,1.0,1.0,1.0,0.0,1.0,1.0,1.0,6.0
Iran Aseman Airlines,1.0,1.0,1.0,1.0,1.0,1.0,1.0,7.0
Island Air,1.0,1.0,1.0,1.0,1.0,1.0,1.0,7.0
Israir,1.0,1.0,1.0,1.0,1.0,1.0,1.0,7.0
Japan Airlines,1.0,1.0,1.0,1.0,1.0,1.0,1.0,7.0
Jazeera Airways,1.0,1.0,1.0,1.0,1.0,1.0,1.0,7.0
Jeju Air,1.0,1.0,1.0,1.0,1.0,1.0,1.0,7.0
Jet Airways,1.0,1.0,1.0,1.0,1.0,1.0,0.0,6.0
Jet Konnect,1.0,1.0,1.0,1.0,1.0,1.0,0.0,6.0
Jet2,0.0,0.0,1.0,1.0,1.0,1.0,1.0,5.0
Jetairfly,0.0,0.0,1.0,1.0,1.0,1.0,1.0,5.0
JetBlue Airways,1.0,1.0,1.0,1.0,1.0,1.0,1.0,7.0
Jetstar,1.0,1.0,1.0,1.0,1.0,1.0,1.0,7.0
Jetstar Asia,1.0,1.0,1.0,1.0,1.0,1.0,1.0,7.0
Jetstar Japan,0.0,0.0,1.0,1.0,1.0,1.0,1.0,5.0
Jetstar Pacific,0.0,0.0,1.0,1.0,1.0,0.0,0.0,3.0
Jin Air,1.0,1.0,1.0,1.0,1.0,1.0,1.0,7.0
Juneyao Airlines,1.0,1.0,1.0,1.0,1.0,1.0,1.0,7.0
KalStar Aviation,0.0,0.0,0.0,1.0,1.0,0.0,0.0,2.0
Kam Air,0.0,0.0,0.0,1.0,1.0,0.0,0.0,2.0
Kenya Airways,1.0,1.0,1.0,0.0,1.0,1.0,0.0,5.0
Kish Airlines,1.0,1.0,1.0,1.0,1.0,1.0,1.0,7.0
KLM,1.0,1.0,1.0,1.0,1.0,1.0,1.0,7.0
KLM Cityhopper,0.0,0.0,1.0,1.0,1.0,1.0,1.0,5.0
Korean Air,1.0,1.0,1.0,1.0,1.0,1.0,1.0,7.0
Kulula,1.0,1.0,1.0,1.0,1.0,1.0,0.0,6.0
Kunming Airlines,0.0,0.0,1.0,1.0,1.0,1.0,1.0,5.0
Kuwait Airways,1.0,1.0,1.0,1.0,1.0,1.0,1.0,7.0
La Costena,0.0,0.0,1.0,1.0,1.0,1.0,1.0,5.0
LAM,1.0,1.0,0.0,0.0,1.0,0.0,0.0,3.0
LAN,1.0,1.0,1.0,1.0,1.0,1.0,1.0,7.0
Lao Airlines,1.0,1.0,1.0,0.0,1.0,1.0,1.0,6.0
Laser Airlines,0.0,0.0,1.0,1.0,1.0,1.0,1.0,5.0
LC Peru,0.0,0.0,1.0,1.0,1.0,1.0,0.0,4.0
LIAT,1.0,1.0,1.0,1.0,1.0,1.0,0.0,6.0
Libyan Airlines,0.0,0.0,1.0,1.0,1.0,0.0,0.0,3.0
Linea Turistica Aerotuy,0.0,0.0,1.0,0.0,1.0,1.0,1.0,4.0
Lion Air,0.0,0.0,1.0,1.0,1.0,0.0,0.0,3.0
LOT Polish Airlines,1.0,1.0,1.0,1.0,1.0,1.0,1.0,7.0
Lucky Air,1.0,1.0,1.0,1.0,1.0,1.0,1.0,7.0
Lufthansa,1.0,1.0,1.0,1.0,1.0,1.0,1.0,7.0
Luxair,1.0,1.0,1.0,1.0,1.0,1.0,0.0,6.0
Mahan Air,1.0,1.0,1.0,1.0,1.0,1.0,1.0,7.0
Malaysia Airlines,1.0,1.0,1.0,0.0,1.0,1.0,0.0,5.0
Maldivian,0.0,0.0,1.0,1.0,1.0,1.0,0.0,4.0
Malindo Air,0.0,0.0,1.0,1.0,1.0,1.0,0.0,4.0
Malmo Aviation,1.0,1.0,1.0,1.0,1.0,1.0,1.0,7.0
Mandarin Airlines,1.0,1.0,1.0,1.0,1.0,1.0,1.0,7.0
Mango Airlines,0.0,0.0,1.0,1.0,1.0,1.0,0.0,4.0
MASwings,1.0,1.0,1.0,0.0,1.0,1.0,0.0,5.0
Mauritania Airlines,0.0,0.0,0.0,1.0,1.0,1.0,1.0,4.0
Maya Island Air,0.0,0.0,1.0,1.0,0.0,1.0,1.0,4.0
Mega Maldives,0.0,0.0,1.0,1.0,1.0,1.0,0.0,4.0
MIAT Mongolian Airlines,1.0,1.0,1.0,1.0,1.0,1.0,1.0,7.0
Middle East Airlines (MEA),1.0,1.0,1.0,1.0,1.0,0.0,0.0,5.0
Mihin Lanka,0.0,0.0,1.0,1.0,1.0,1.0,1.0,5.0
Monarch Airlines,0.0,0.0,1.0,1.0,1.0,1.0,1.0,5.0
Montenegro Airlines,1.0,1.0,1.0,1.0,0.0,0.0,0.0,4.0
Myanmar Airways International (MAI),1.0,1.0,1.0,1.0,1.0,1.0,0.0,6.0
Nature Air,0.0,0.0,1.0,1.0,1.0,1.0,1.0,5.0
Nauru Airlines,0.0,0.0,1.0,1.0,1.0,0.0,0.0,3.0
Nepal Airlines,0.0,0.0,0.0,0.0,1.0,0.0,0.0,1.0
Network Aviation,0.0,0.0,1.0,1.0,1.0,1.0,1.0,5.0
NIKI,1.0,1.0,1.0,1.0,1.0,1.0,1.0,7.0
NOK Air,0.0,0.0,1.0,1.0,0.0,0.0,0.0,2.0
Nordavia Regional Airlines,0.0,0.0,1.0,0.0,1.0,1.0,1.0,4.0
Norwegian,0.0,0.0,1.0,1.0,1.0,1.0,1.0,5.0
Nouvelair,1.0,1.0,1.0,1.0,1.0,1.0,0.0,6.0
Novoair,0.0,0.0,1.0,1.0,1.0,0.0,0.0,3.0
Olympic Air,1.0,1.0,1.0,1.0,1.0,1.0,0.0,6.0
Oman Air,1.0,1.0,1.0,1.0,1.0,1.0,0.0,6.0
Omni Air International,1.0,1.0,1.0,1.0,1.0,1.0,1.0,7.0
Onur Air,1.0,1.0,1.0,1.0,1.0,1.0,1.0,7.0
OpenSkies,1.0,1.0,1.0,1.0,1.0,1.0,1.0,7.0
Orenair,1.0,1.0,1.0,1.0,1.0,1.0,1.0,7.0
Orient Thai Airlines,1.0,1.0,1.0,0.0,0.0,0.0,0.0,3.0
Pakistan International Airlines,1.0,1.0,1.0,1.0,1.0,1.0,1.0,7.0
PAL Express,1.0,1.0,1.0,1.0,1.0,1.0,0.0,6.0
Passaredo,1.0,1.0,1.0,1.0,1.0,1.0,1.0,7.0
Peach Air,0.0,0.0,1.0,1.0,1.0,1.0,1.0,5.0
Pegasus,1.0,1.0,1.0,1.0,1.0,1.0,1.0,7.0
Penair,0.0,0.0,1.0,1.0,1.0,1.0,1.0,5.0
Perimeter Airlines,0.0,0.0,1.0,1.0,1.0,1.0,1.0,5.0
Peruvian Airlines,0.0,0.0,1.0,1.0,1.0,1.0,0.0,4.0
Philippine Airlines,1.0,1.0,1.0,1.0,1.0,1.0,0.0,6.0
Polynesian Airlines,0.0,0.0,1.0,1.0,1.0,0.0,0.0,3.0
Porter Airlines,0.0,0.0,1.0,1.0,1.0,1.0,1.0,5.0
Portugalia Airlines,1.0,1.0,1.0,1.0,1.0,1.0,0.0,6.0
Precision Air,1.0,1.0,1.0,1.0,1.0,0.0,0.0,5.0
Qantas,1.0,1.0,1.0,1.0,1.0,1.0,1.0,7.0
QantasLink,1.0,1.0,1.0,1.0,1.0,1.0,1.0,7.0
Qatar Airways,1.0,1.0,1.0,1.0,1.0,0.0,0.0,5.0
Rex Australia,0.0,0.0,1.0,1.0,1.0,1.0,1.0,5.0
Rossiya,1.0,1.0,1.0,1.0,1.0,1.0,1.0,7.0
Royal Air Maroc,1.0,1.0,1.0,1.0,1.0,1.0,0.0,6.0
Royal Brunei,1.0,1.0,1.0,1.0,1.0,1.0,0.0,6.0
Royal Jordanian,1.0,1.0,1.0,1.0,1.0,0.0,0.0,5.0
Royal Wings,1.0,1.0,1.0,1.0,1.0,0.0,0.0,5.0
Rutaca Airlines,0.0,0.0,1.0,1.0,1.0,1.0,1.0,5.0
Rwand Air,1.0,1.0,1.0,1.0,1.0,0.0,0.0,5.0
Ryanair,0.0,0.0,1.0,1.0,1.0,1.0,1.0,5.0
S7,1.0,1.0,1.0,1.0,1.0,1.0,1.0,7.0
SA Express,1.0,1.0,1.0,1.0,1.0,1.0,0.0,6.0
Safi Airways,1.0,1.0,0.0,1.0,1.0,0.0,0.0,4.0
Sansa Regional,0.0,0.0,1.0,1.0,1.0,1.0,1.0,5.0
SAS,1.0,1.0,1.0,1.0,1.0,1.0,1.0,7.0
SATA Air Acores,1.0,1.0,1.0,1.0,1.0,1.0,0.0,6.0
SATENA,0.0,0.0,1.0,1.0,1.0,1.0,1.0,5.0
Saudia,1.0,1.0,1.0,1.0,1.0,1.0,1.0,7.0
SBA Santa Barbara Airlines,1.0,1.0,1.0,0.0,1.0,1.0,1.0,6.0
Scat,1.0,1.0,0.0,0.0,1.0,0.0,0.0,3.0
Scoot,0.0,0.0,1.0,1.0,1.0,1.0,1.0,5.0
See airasia (one word),0.0,0.0,0.0,0.0,0.0,0.0,0.0,0.0
Shaheen Air,0.0,0.0,1.0,1.0,1.0,1.0,1.0,5.0
Shandong Airlines,1.0,1.0,1.0,1.0,1.0,1.0,1.0,7.0
Shanghai Airlines,1.0,1.0,1.0,1.0,1.0,1.0,1.0,7.0
Shenzhen Airlines,1.0,1.0,1.0,1.0,1.0,1.0,1.0,7.0
Sichuan Airlines,1.0,1.0,1.0,1.0,1.0,1.0,1.0,7.0
SilkAir,1.0,1.0,1.0,1.0,1.0,1.0,1.0,7.0
Silver Airways,1.0,1.0,1.0,1.0,1.0,1.0,1.0,7.0
Singapore Airlines,1.0,1.0,1.0,1.0,1.0,1.0,1.0,7.0
Sky Airline,1.0,1.0,1.0,1.0,1.0,1.0,1.0,7.0
SkyBahamas,0.0,0.0,1.0,1.0,1.0,1.0,0.0,4.0
Skytrans,0.0,0.0,1.0,1.0,1.0,1.0,1.0,5.0
Smartlynx,1.0,1.0,1.0,1.0,1.0,0.0,0.0,5.0
Smartwings,1.0,1.0,1.0,1.0,1.0,1.0,1.0,7.0
Solaseed Air,0.0,0.0,1.0,1.0,1.0,1.0,1.0,5.0
Solomon Airlines,1.0,1.0,1.0,1.0,1.0,0.0,0.0,5.0
Somon Air,0.0,0.0,1.0,1.0,1.0,0.0,0.0,3.0
South African Airways (SAA),1.0,1.0,1.0,1.0,1.0,1.0,0.0,6.0
Southwest Airlines,0.0,0.0,1.0,1.0,1.0,1.0,1.0,5.0
SpiceJet,0.0,0.0,1.0,1.0,1.0,1.0,0.0,4.0
Spirit Airlines,0.0,0.0,1.0,1.0,1.0,1.0,1.0,5.0
Spring Airlines,0.0,0.0,1.0,1.0,1.0,1.0,1.0,5.0
SprintAir,0.0,0.0,1.0,1.0,1.0,1.0,1.0,5.0
SriLankan Airlines,1.0,1.0,1.0,1.0,1.0,1.0,1.0,7.0
Sriwijaya Air and Nam Air,0.0,0.0,0.0,1.0,1.0,0.0,0.0,2.0
Starflyer,0.0,0.0,1.0,1.0,1.0,1.0,1.0,5.0
StarPeru,0.0,0.0,1.0,1.0,1.0,1.0,0.0,4.0
Sudan Airways,1.0,1.0,0.0,0.0,1.0,1.0,0.0,4.0
Sun Country Airlines,1.0,1.0,1.0,1.0,1.0,1.0,1.0,7.0
Sun Express,1.0,1.0,1.0,1.0,1.0,1.0,1.0,7.0
Sunwing Airlines,0.0,0.0,1.0,1.0,1.0,1.0,1.0,5.0
Surinam Airways,1.0,1.0,1.0,1.0,1.0,1.0,0.0,6.0
Swiss International Air Lines,1.0,1.0,1.0,1.0,1.0,1.0,1.0,7.0
Syrian Air,1.0,1.0,1.0,1.0,1.0,0.0,0.0,5.0
T'way Airlines,0.0,0.0,1.0,1.0,1.0,1.0,1.0,5.0
TAAG Angola Airlines,1.0,1.0,0.0,0.0,1.0,0.0,0.0,3.0
Taban Air,0.0,0.0,1.0,1.0,1.0,1.0,1.0,5.0
Tajik Air,0.0,0.0,1.0,1.0,1.0,0.0,0.0,3.0
TAM,1.0,1.0,1.0,0.0,1.0,1.0,1.0,6.0
TAME,1.0,1.0,1.0,1.0,1.0,1.0,0.0,6.0
TAP Portugal,1.0,1.0,1.0,1.0,1.0,1.0,0.0,6.0
Tara Air,0.0,0.0,0.0,0.0,1.0,0.0,0.0,1.0
Tarom,1.0,1.0,1.0,1.0,1.0,1.0,1.0,7.0
Tassili Airlines,1.0,1.0,1.0,1.0,1.0,0.0,0.0,5.0
Thai Airways International,1.0,1.0,1.0,1.0,0.0,0.0,0.0,4.0
Thai Lion Air,1.0,1.0,1.0,1.0,0.0,0.0,0.0,4.0
Thai Smile,1.0,1.0,1.0,1.0,0.0,0.0,0.0,4.0
Thomas Cook Airlines (UK),1.0,1.0,1.0,1.0,1.0,1.0,1.0,7.0
Thomson Airways,0.0,0.0,1.0,1.0,1.0,1.0,1.0,5.0
Tianjin Airlines,1.0,1.0,1.0,1.0,1.0,1.0,1.0,7.0
Tibet Airlines,0.0,0.0,1.0,1.0,1.0,1.0,1.0,5.0
Tigerair Australia,0.0,0.0,1.0,0.0,1.0,1.0,1.0,4.0
Tigerair Singapore,0.0,0.0,1.0,1.0,1.0,1.0,1.0,5.0
Titan Airways,1.0,1.0,1.0,1.0,1.0,1.0,1.0,7.0
Trans Maldivian Airways (TMA),0.0,0.0,1.0,1.0,1.0,1.0,0.0,4.0
TransAsia Airways,1.0,1.0,1.0,0.0,1.0,1.0,1.0,6.0
Transavia,1.0,1.0,1.0,1.0,1.0,1.0,1.0,7.0
TransNusa,0.0,0.0,0.0,1.0,1.0,0.0,0.0,2.0
Trigana Air,0.0,0.0,0.0,1.0,0.0,0.0,0.0,1.0
Tropic Air,1.0,1.0,1.0,1.0,0.0,1.0,1.0,6.0
TUIfly Germany,1.0,1.0,1.0,1.0,1.0,1.0,1.0,7.0
TUIfly Netherlands,0.0,0.0,1.0,1.0,1.0,1.0,1.0,5.0
Tunisair,1.0,1.0,1.0,1.0,1.0,1.0,0.0,6.0
Turkish Airlines,1.0,1.0,1.0,0.0,1.0,1.0,1.0,6.0
Turkmenistan Airlines,0.0,0.0,1.0,1.0,1.0,1.0,0.0,4.0
Ukraine International,1.0,1.0,1.0,1.0,1.0,1.0,0.0,6.0
United Airlines,1.0,1.0,1.0,1.0,1.0,1.0,1.0,7.0
Ural Airlines,1.0,1.0,1.0,1.0,1.0,1.0,1.0,7.0
UTair,1.0,1.0,1.0,0.0,1.0,1.0,1.0,6.0
Uzbekistan Airways,1.0,1.0,1.0,1.0,1.0,1.0,1.0,7.0
Vanilla Air,0.0,0.0,1.0,1.0,1.0,1.0,1.0,5.0
Venezolana,0.0,0.0,1.0,1.0,1.0,1.0,1.0,5.0
Vieques Air Link,0.0,0.0,1.0,1.0,1.0,1.0,1.0,5.0
VietJet Air,1.0,1.0,1.0,1.0,1.0,0.0,0.0,5.0
Vietnam Airlines,1.0,1.0,1.0,1.0,1.0,0.0,0.0,5.0
Virgin America,1.0,1.0,1.0,1.0,1.0,1.0,1.0,7.0
Virgin Atlantic,1.0,1.0,1.0,1.0,1.0,1.0,1.0,7.0
Virgin Australia,1.0,1.0,1.0,1.0,1.0,1.0,1.0,7.0
Virgin Australia Regional,0.0,0.0,1.0,1.0,1.0,1.0,1.0,5.0
Viva Aerobus,0.0,0.0,1.0,1.0,1.0,1.0,1.0,5.0
Volaris,1.0,1.0,1.0,1.0,1.0,1.0,1.0,7.0
Volotea,1.0,1.0,1.0,1.0,1.0,1.0,1.0,7.0
Vueling,1.0,1.0,1.0,1.0,1.0,1.0,1.0,7.0
Wasaya Airways,0.0,0.0,1.0,1.0,1.0,1.0,1.0,5.0
WestJet,1.0,1.0,1.0,1.0,1.0,1.0,1.0,7.0
Wideroe,1.0,1.0,1.0,1.0,1.0,1.0,1.0,7.0
Wings Air,0.0,0.0,0.0,1.0,1.0,0.0,0.0,2.0
Wizz,1.0,1.0,1.0,1.0,1.0,1.0,0.0,6.0
WOW Air,0.0,0.0,1.0,1.0,1.0,1.0,1.0,5.0
Xiamen Airlines,1.0,1.0,1.0,1.0,1.0,1.0,1.0,7.0
XL Airways France,1.0,1.0,1.0,1.0,1.0,1.0,1.0,7.0
Xpress Air,0.0,0.0,0.0,1.0,1.0,0.0,0.0,2.0
Yakutia,1.0,1.0,1.0,1.0,1.0,1.0,1.0,7.0
Yangon Airways,0.0,0.0,1.0,1.0,1.0,1.0,0.0,4.0
Yemenia,1.0,1.0,1.0,0.0,1.0,0.0,0.0,4.0
Yeti Airlines,0.0,0.0,0.0,1.0,1.0,0.0,0.0,2.0
